subtopic	jp	kana	zh	level	scene	example_jp	example_zh	note
评价衣服	派手	はで	花哨，太扎眼	N3	朋友拿起一件大花衬衫	この柄[がら]、ちょっと派手[はで]すぎない？	这个花纹是不是有点太花哨了？	
评价衣服	地味	じみ	素，不起眼	N3	帮朋友挑颜色	黒[くろ]ばっかりだと地味[じみ]だから、たまには色[いろ]のある服[ふく]も着[き]なよ。	老穿黑的太素了，偶尔也穿点有颜色的嘛。	
评价衣服	ダサい	ダサい	土，俗气		整理衣柜时翻出旧衣服	高校[こうこう]のときに買[か]ったパーカー、今[いま]見[み]るとめっちゃダサい。	高中时买的卫衣，现在看超土。	很随便的口语。当面说别人的衣服「ダサい」会很伤人。
评价衣服	おしゃれ	おしゃれ	时髦，有品位	N3	见面时夸朋友的外套	そのカーディガンおしゃれだね、どこで買[か]ったの？	你这件开衫好时髦，在哪儿买的？	
评价衣服	大人っぽい	おとなっぽい	显成熟		朋友从试衣间出来	そのワンピース、大人[おとな]っぽくていいじゃん。	那条连衣裙显得很成熟，挺好的嘛。	
评价衣服	子どもっぽい	こどもっぽい	显幼稚，太孩子气		在镜子前犹豫	リボンが付[つ]いてると、ちょっと子[こ]どもっぽく見[み]えるかな。	带个蝴蝶结，是不是看着有点幼稚？	
评价衣服	着回しが利く	きまわしがきく	好搭配，能穿出很多搭配		犹豫要不要买一件外套	このジャケット、着回[きまわ]しが利[き]くから一枚[いちまい]あると便利[べんり]だよ。	这件夹克很好搭，有一件挺方便的。	也写作「着回しがきく」。
评价衣服	ゆったり	ゆったり	宽松，宽大舒适	N2	在店里摸着一件针织衫	ゆったりしたシルエットだから、体型[たいけい]を気[き]にしなくていいよ。	版型很宽松，不用在意身材。	
评价衣服	ぴったり	ぴったり	正合适，刚好合身	N3	试穿后对着镜子	肩幅[かたはば]がぴったりで、めっちゃきれいに見[み]える。	肩宽刚刚好，看起来特别利落。	
评价衣服	だぼだぼ	だぼだぼ	太肥大，松垮垮		借哥哥的卫衣穿	お兄[にい]ちゃんのパーカー、だぼだぼで袖[そで]が手[て]まで隠[かく]れる。	哥哥的卫衣松松垮垮的，袖子把手都盖住了。	比「ゆるい」更夸张，多半是嫌大。
评价衣服	パツパツ	パツパツ	紧绷绷		试穿去年的牛仔裤	去年[きょねん]のジーンズ、太[ふと]ももがパツパツなんだけど。	去年的牛仔裤，大腿绷得紧紧的。	
评价衣服	透ける	すける	透，透光	N1	拿起一件白衬衫对着光	このブラウス、白[しろ]だと下着[したぎ]が透[す]けそう。	这件衬衫白色的话，感觉会透出内衣。	
评价衣服	シワになりやすい	シワになりやすい	容易起皱		在店里摸亚麻衬衫	麻[あさ]のシャツって涼[すず]しいけど、シワになりやすいんだよね。	亚麻衬衫凉快是凉快，就是容易皱。	
评价衣服	長め	ながめ	偏长，稍长		试穿长裙	ちょっと長[なが]めだけど、ブーツと合[あ]わせたらかわいいと思[おも]う。	是有点偏长，但配靴子应该很可爱。	反义是「短め」。
评价衣服	細見え	ほそみえ	显瘦		朋友试穿竖条纹连衣裙	縦[たて]のラインが入[はい]ってるから、細見[ほそみ]えするね。	有竖线条，很显瘦呢。	也常说「着痩せする」。
评价衣服	着膨れ	きぶくれ	穿得臃肿	N1	冬天出门前照镜子	ダウンの下[した]に厚[あつ]いニットを着[き]たら、着膨[きぶく]れしちゃった。	羽绒服里面穿了件厚毛衣，整个人鼓鼓囊囊的。	
评价衣服	生地	きじ	面料，布料	N2	在店里翻看衬衫	この生地[きじ]、薄[うす]いけどしっかりしてるね。	这面料虽然薄，但挺有质感的。	
评价衣服	肌触り	はだざわり	手感，贴身的触感	N1	摸到一件很软的家居服	肌触[はだざわ]りがいいから、部屋着[へやぎ]にしたい。	手感好舒服，想买来当家居服。	
评价衣服	チクチクする	チクチクする	扎（皮肤），刺挠		试穿羊毛衫	このセーター、首[くび]のところがチクチクして無理[むり]。	这件毛衣领口扎得受不了。	
评价衣服	安っぽい	やすっぽい	看起来廉价	N2	翻看一件外套的细节	色[いろ]はかわいいけど、ボタンがちょっと安[やす]っぽいかな。	颜色挺可爱，就是扣子看着有点廉价。	
评价衣服	上品	じょうひん	优雅，有品位	N3	帮朋友挑参加婚礼的衣服	結婚式[けっこんしき]なら、これくらい上品[じょうひん]な色[いろ]がいいと思[おも]う。	参加婚礼的话，我觉得这种优雅点的颜色比较好。	
评价衣服	落ち着いた色	おちついたいろ	沉稳的颜色		挑上班也能穿的衣服	会社[かいしゃ]にも着[き]ていけるように、落[お]ち着[つ]いた色[いろ]にしようかな。	为了上班也能穿，还是选个沉稳点的颜色吧。	
评价衣服	浮く	うく	（穿着）跟场合不搭，显得扎眼	N2	朋友想穿亮片上衣去公司	その格好[かっこう]、オフィスだとちょっと浮[う]くかも。	穿成这样去办公室，可能会有点格格不入。	服装和场合、周围的人不协调时说「浮く」。
评价衣服	無難	ぶなん	稳妥，不会出错	N1	纠结选哪个颜色	迷[まよ]ったら、ネイビーが一番[いちばん]無難[ぶなん]だよ。	拿不定主意的话，藏青色最稳妥。	
评价衣服	シンプル	シンプル	简约，简单	N3	在两件之间选	シンプルなデザインのほうが、長[なが]く着[き]られるよね。	简约的款式能穿得更久吧。	
评价衣服	着心地	きごこち	穿着舒适度	N1	说自己挑衣服的标准	最近[さいきん]は見[み]た目[め]より着心地[きごこち]重視[じゅうし]で選[えら]んでる。	最近挑衣服比起好不好看，更看重穿着舒不舒服。	
评价衣服	伸縮性	しんしゅくせい	弹性，伸缩性		试穿裤子后蹲了一下	伸縮性[しんしゅくせい]があるから、しゃがんでも全然[ぜんぜん]楽[らく]。	有弹性，蹲下来也一点都不勒。	
评价衣服	毛玉	けだま	（衣服）起的球		吐槽便宜的针织衫	安[やす]いニットって、すぐ毛玉[けだま]ができるんだよね。	便宜的针织衫很快就起球。	
评价衣服	流行り	はやり	流行，时兴	N3	看到店里一排短款外套	今年[ことし]はこういう短[みじか]い丈[たけ]が流行[はや]りらしいよ。	听说今年流行这种短款。	
评价衣服	古臭い	ふるくさい	过时，老气	N1	借了妈妈的旧大衣	お母[かあ]さんのコート借[か]りたんだけど、形[かたち]がちょっと古臭[ふるくさ]い。	借了妈妈的大衣，版型有点过时。	
评价衣服	着こなす	きこなす	穿得好看，驾驭得了	N1	看到朋友穿亮黄色	あの色[いろ]を着[き]こなせるの、すごいね。	那个颜色你都能驾驭，厉害。	
评价衣服	映える	はえる	（颜色）衬人，显得好看	N1	朋友皮肤白，试深色	色白[いろじろ]だから、濃[こ]い色[いろ]が映[は]えるね。	你皮肤白，深色很衬你。	「映える」读「ばえる」时是「拍照好看、出片」的意思，如「インスタ映え」。
评价衣服	重ね着	かさねぎ	叠穿		秋天搭配衣服	薄手[うすで]のシャツなら、重[かさ]ね着[ぎ]しやすいよ。	薄衬衫很方便叠穿。	
和朋友逛街	これどう？	これどう	这件怎么样？		拿起一件给朋友看	ねえ、これどう？春[はる]っぽくない？	哎，这件怎么样？是不是挺有春天感的？	
和朋友逛街	かわいくない？	かわいくない	是不是很可爱？		在货架前举起一个包	見[み]て見[み]て、このバッグかわいくない？	快看快看，这个包是不是很可爱？	语调上扬，意思是「很可爱吧」，不是「不可爱」。
和朋友逛街	色違い	いろちがい	同款不同颜色		朋友喜欢一件但嫌颜色	これの色違[いろちが]い、ベージュもあるよ。	这件还有米色的。	
和朋友逛街	着てみたら？	きてみたら	试穿一下嘛		朋友拿着衣服犹豫半天	迷[まよ]ってるなら、とりあえず着[き]てみたら？	纠结的话，先穿上试试呗？	
和朋友逛街	迷う	まよう	犹豫，拿不定主意	N3	两件都想要	黒[くろ]と白[しろ]、どっちにするかめっちゃ迷[まよ]う。	黑的和白的，选哪件好纠结。	
和朋友逛街	衝動買い	しょうどうがい	冲动消费	N1	回家路上反省	セールだと、つい衝動買[しょうどうが]いしちゃうんだよね。	一打折就忍不住冲动消费。	
和朋友逛街	セール	セール	打折，大促	N3	看到下周开始打折的海报	来週[らいしゅう]からセールだから、それまで待[ま]とうよ。	下周就开始打折了，等到那时候吧。	
和朋友逛街	プチプラ	プチプラ	平价，便宜又好看		摸着一条裙子	このスカート、プチプラなのに全然[ぜんぜん]安[やす]っぽく見[み]えない。	这条裙子那么便宜，却一点都不显廉价。	「プチプライス」的缩写，多指平价时装、化妆品。
和朋友逛街	お揃い	おそろい	同款，闺蜜装／情侣装		和朋友看中同一件	せっかくだし、色違[いろちが]いでお揃[そろ]いにしない？	难得一起来，要不买同款不同色？	
和朋友逛街	被る	かぶる	撞衫		穿新外套去学校	このコート、大学[だいがく]で三人[さんにん]と被[かぶ]った。	这件大衣在学校跟三个人撞衫了。	撞衫的「かぶる」，汉字一般写作「被る」。
和朋友逛街	一目惚れ	ひとめぼれ	一眼看中	N1	给朋友看刚买的东西	店[みせ]の前[まえ]を通[とお]ったら一目惚[ひとめぼ]れしちゃって、買[か]っちゃった。	路过店门口一眼看中，就买了。	
和朋友逛街	好きそう	すきそう	（你／她）应该会喜欢		看到适合别的朋友的衣服	これ、ゆきちゃん好[す]きそう。	这件小雪应该会喜欢。	
和朋友逛街	好み	このみ	喜好，口味	N3	朋友拿起一件很符合自己风格的	それ、絶対[ぜったい]好[この]みでしょ。	这件肯定是你喜欢的款吧。	
和朋友逛街	系	けい	……风		聊最近的穿衣风格	最近[さいきん]、韓国系[かんこくけい]の服[ふく]ばっかり見[み]てる。	最近一直在看韩系的衣服。	常见：韓国系、きれいめ系、ストリート系、古着系。
和朋友逛街	きれいめ	きれいめ	偏正式、干净利落的风格		要见男朋友的父母	彼[かれ]の親[おや]に会[あ]うから、きれいめな服[ふく]が欲[ほ]しいんだよね。	要见男朋友的父母，想买件干净得体点的衣服。	
和朋友逛街	カジュアル	カジュアル	休闲	N3	说想要的类型	週末[しゅうまつ]用[よう]に、もうちょっとカジュアルなのが欲[ほ]しいな。	想要件周末穿的、再休闲一点的。	
和朋友逛街	コーデ	コーデ	穿搭		见面时夸朋友	今日[きょう]のコーデかわいいね。	你今天的穿搭好可爱。	「コーディネート」的缩写。
和朋友逛街	合わせる	あわせる	搭配	N3	拿着一条裙子问朋友	このスカート、何[なに]に合[あ]わせればいいと思[おも]う？	你觉得这条裙子配什么好？	
和朋友逛街	手持ちの服	てもちのふく	手头已有的衣服		说自己的购物原则	手持[ても]ちの服[ふく]と合[あ]わせやすいかで決[き]めてる。	我看它和手头的衣服好不好搭来决定买不买。	
和朋友逛街	買い足す	かいたす	补买，再添一件		白衬衫穿旧了	白[しろ]シャツ、もう一枚[いちまい]買[か]い足[た]そうかな。	白衬衫要不要再补一件呢。	
和朋友逛街	予算オーバー	よさんオーバー	超预算		看了价签	かわいいけど、一万[いちまん]超[こ]えるのは予算[よさん]オーバーだわ。	可爱是可爱，但过一万就超预算了。	
和朋友逛街	高っ！	たかっ	好贵！		翻开价签吓一跳	値札[ねふだ]見[み]て思[おも]わず「高[たか]っ！」って言[い]っちゃった。	看到价签忍不住叫了一声「好贵！」	「高い」的口语缩略，表示惊讶。同理「安っ！」。
和朋友逛街	お買い得	おかいどく	划算	N2	看到两件优惠	二枚[にまい]で三千円[さんぜんえん]なら、お買[か]い得[どく]じゃない？	两件三千日元，不是挺划算的吗？	
和朋友逛街	掘り出し物	ほりだしもの	淘到的好东西	N1	在古着店翻到一件	古着屋[ふるぎや]ですごい掘[ほ]り出[だ]し物[もの]見[み]つけた！	在古着店淘到一件超好的！	
和朋友逛街	古着	ふるぎ	古着，二手衣服		约朋友去下北泽	今度[こんど]、下北[しもきた]で古着屋[ふるぎや]めぐりしない？	下次一起去下北泽逛古着店吧？	
和朋友逛街	ウィンドウショッピング	ウィンドウショッピング	只逛不买		月底没钱	今日[きょう]はお金[かね]ないから、ウィンドウショッピングだけね。	今天没钱，就只逛逛。	
和朋友逛街	一周する	いっしゅうする	逛一圈		还没决定买哪件	一回[いっかい]ほかの店[みせ]も一周[いっしゅう]してから決[き]めよう。	先把别的店也逛一圈再决定吧。	
和朋友逛街	寄る	よる	顺路进去	N3	走在商场里	ちょっとユニクロ寄[よ]ってもいい？	可以顺便进一下优衣库吗？	
和朋友逛街	買っちゃえば？	かっちゃえば	买了吧		朋友第三次回来看同一件	そんなに気[き]に入[い]ったなら、もう買[か]っちゃえば？	这么喜欢的话，干脆买了吧？	
和朋友逛街	我慢する	がまんする	忍住（不买）	N3	看中了但没钱	今月[こんげつ]ピンチだから、今日[きょう]は我慢[がまん]する。	这个月手头紧，今天先忍住。	
和朋友逛街	金欠	きんけつ	缺钱，手头紧		朋友约逛街	給料日[きゅうりょうび]前[まえ]で金欠[きんけつ]なんだよね。	发工资前没钱了。	
和朋友逛街	爆買い	ばくがい	疯狂购物，买一大堆		给朋友看战利品	福袋[ふくぶくろ]とセールで爆買[ばくが]いしちゃった。	福袋加打折，一下子买了一大堆。	
和朋友逛街	福袋	ふくぶくろ	福袋		聊新年买的东西	お正月[しょうがつ]に好[す]きなブランドの福袋[ふくぶくろ]買[か]ったよ。	过年买了喜欢的牌子的福袋。	
和朋友逛街	同じようなの持ってる	おなじようなのもってる	有差不多的（衣服）		朋友又要买黑色卫衣	それ、同[おな]じようなの持[も]ってなかったっけ？	这种你不是已经有差不多的了吗？	
和朋友逛街	通販	つうはん	网购，邮购	N1	聊网购买衣服	試着[しちゃく]できないから、通販[つうはん]だとサイズで失敗[しっぱい]しがち。	没法试穿，网购老是买错尺码。	
和店员交流	何かお探しですか	なにかおさがしですか	您在找什么吗？（店员）		刚进店，店员过来搭话	店員[てんいん]さんに「何[なに]かお探[さが]しですか？」って声[こえ]をかけられた。	店员过来问我「您在找什么吗？」	
和店员交流	見てるだけです	みてるだけです	我就随便看看		店员过来搭话	「何[なに]かお探[さが]しですか？」「あ、大丈夫[だいじょうぶ]です、見[み]てるだけなので。」	「您在找什么吗？」「啊，没事，我就随便看看。」	礼貌地婉拒店员推荐的常用说法。
和店员交流	ごゆっくりご覧ください	ごゆっくりごらんください	请慢慢看（店员）		进店时店员招呼	いらっしゃいませ。どうぞ、ごゆっくりご覧[らん]ください。	欢迎光临，请您慢慢看。	
和店员交流	お伺いしましょうか	おうかがいしましょうか	需要我帮您吗？（店员）		客人在货架前看了很久	よろしければ、サイズなどお伺[うかが]いしましょうか。	需要的话，我帮您看看尺码吧？	
和店员交流	よろしければご試着いただけます	よろしければごしちゃくいただけます	可以试穿哦（店员）		客人拿起衣服比划	こちら、よろしければご試着[しちゃく]いただけますので、お声[こえ]がけください。	这件可以试穿，需要的话叫我一声。	
和店员交流	試着は何点まで	しちゃくはなんてんまで	最多可以试几件		抱着几件衣服到试衣间门口	すみません、試着[しちゃく]は何点[なんてん]までですか。	不好意思，最多可以试几件？	
和店员交流	フェイスカバー	フェイスカバー	（试衣用）防妆面罩		进试衣间前店员递过来	試着[しちゃく]の際[さい]は、こちらのフェイスカバーをお使[つか]いください。	试穿时请使用这个面罩。	日本试穿套头衣服时用来防止化妆品沾到衣服上。
和店员交流	いかがですか	いかがですか	怎么样？（店员问试穿感受）		客人从试衣间出来	サイズ感[かん]、いかがですか。	尺码感觉怎么样？	
和店员交流	サイズ違い	サイズちがい	同款其他尺码		试穿后觉得尺码不对	これのサイズ違[ちが]いってありますか。	这件有其他尺码吗？	
和店员交流	ワンサイズ上	ワンサイズうえ	大一码		试穿后觉得紧	ちょっときついので、ワンサイズ上[うえ]を出[だ]してもらえますか。	有点紧，能帮我拿大一码的吗？	小一码是「ワンサイズ下」。
和店员交流	お出しします	おだしします	我给您拿（店员）		客人要别的尺码	ただいまお出[だ]ししますので、少々[しょうしょう]お待[ま]ちください。	我马上给您拿，请稍等。	
和店员交流	確認してまいります	かくにんしてまいります	我去确认一下（店员）		客人问还有没有货	在庫[ざいこ]を確認[かくにん]してまいりますので、少々[しょうしょう]お待[ま]ちください。	我去查一下库存，请稍等。	
和店员交流	ラスト一点	ラストいってん	最后一件		店员介绍商品	こちら、ラスト一点[いってん]になります。	这件是最后一件了。	
和店员交流	取り置き	とりおき	（商品）预留，先帮忙留着		看中了但今天没带钱	明日[あした]また来[き]るので、取[と]り置[お]きってできますか。	我明天再来，能帮我先留着吗？	
和店员交流	取り寄せ	とりよせ	调货，从别处订货		店里没有想要的尺码	ほかの店舗[てんぽ]からお取[と]り寄[よ]せもできますよ。	也可以从其他店给您调货。	
和店员交流	入荷	にゅうか	到货，进货	N1	店员告知到货时间	Mサイズは来週[らいしゅう]入荷[にゅうか]予定[よてい]です。	M 码预计下周到货。	
和店员交流	再入荷	さいにゅうか	补货，再次到货		想要的颜色卖完了	再入荷[さいにゅうか]したら、連絡[れんらく]もらえますか。	补货的话能通知我吗？	
和店员交流	新作	しんさく	新款		店员介绍	こちら、今週[こんしゅう]入[はい]ったばかりの新作[しんさく]です。	这是这周刚到的新款。	
和店员交流	セール対象	セールたいしょう	参加打折的商品		在店里看到打折标	これってセール対象[たいしょう]ですか。	这件参加打折吗？	
和店员交流	裾上げ	すそあげ	改短裤脚		买了长裤	このパンツ、裾上[すそあ]げお願[ねが]いできますか。	这条裤子可以帮我改裤长吗？	
和店员交流	お直し	おなおし	（衣服）修改		店员说明改衣服要多久	お直[なお]しは一週間[いっしゅうかん]ほどお時間[じかん]いただきます。	修改大概需要一周时间。	
和店员交流	お決まりでしたら	おきまりでしたら	您决定好的话（店员）		客人试完衣服	お決[き]まりでしたら、レジまでお持[も]ちしますね。	您决定好的话，我帮您拿到收银台。	
和店员交流	大丈夫です	だいじょうぶです	不用了（委婉拒绝）	N4	收银时店员问要不要袋子	「袋[ふくろ]はご利用[りよう]ですか？」「あ、大丈夫[だいじょうぶ]です。」	「需要袋子吗？」「啊，不用了。」	在店里「大丈夫です」多半是委婉地说「不用」。
和店员交流	また来ます	またきます	下次再来（委婉地不买）		试穿后决定不买	ちょっと考[かんが]えて、また来[き]ます。	我再考虑一下，下次再来。	不想买时离开的常用说法。
和店员交流	ご自宅用	ごじたくよう	自用（店员问）		结账时店员问	ご自宅用[じたくよう]ですか、プレゼント用[よう]ですか。	是自己用，还是送礼？	
和店员交流	ラッピング	ラッピング	礼品包装		买来送人	プレゼントなので、ラッピングしてもらえますか。	是送人的，能帮我包装一下吗？	
和店员交流	ショッパー	ショッパー	（印店名的）购物纸袋		结账时店员问	ショッパーにお入[い]れしますか。	给您装进购物袋吗？	印着品牌名的纸袋；一般的袋子见「袋」。
和店员交流	値札	ねふだ	价签		结账时店员问	値札[ねふだ]はお外[はず]ししておきますか。	价签要帮您剪掉吗？	
和店员交流	タグ	タグ	吊牌		买完衣服朋友提醒	タグ取[と]っちゃうと返品[へんぴん]できないから、着[き]る前[まえ]にもう一回[いっかい]確認[かくにん]しな。	吊牌剪了就不能退了，穿之前再确认一下。	
和店员交流	レシート	レシート	小票		店员说明退换规则	交換[こうかん]の際[さい]は、レシートをお持[も]ちください。	换货时请带上小票。	
和店员交流	ポイントカード	ポイントカード	积分卡		结账时店员问	ポイントカードはお持[も]ちですか。	您有积分卡吗？	
和店员交流	会員登録	かいいんとうろく	注册会员		结账时店员推荐	アプリで会員登録[かいいんとうろく]していただくと、本日[ほんじつ]から使[つか]えるクーポンがございます。	在 App 上注册会员的话，有今天就能用的优惠券。	
和店员交流	一括で	いっかつで	一次付清		刷信用卡时店员问分几期	「お支払[しはら]い回数[かいすう]は？」「一括[いっかつ]で。」	「分几次付？」「一次付清。」	
和店员交流	タッチ決済	タッチけっさい	感应支付，挥卡付款		收银台付款	カードのタッチ決済[けっさい]でお願[ねが]いします。	我用卡感应支付。	
和店员交流	免税	めんぜい	免税	N1	外国朋友结账时问	パスポートがあれば、免税[めんぜい]になりますか。	有护照的话可以免税吗？	
